Year,SERIES,Reference area,Age,Degree of urbanisation,UNIT_MEASURE,Value
2015,Average proportion of deprivations for people multidimensionally poor [1.2.2],,15 years old and over,,Percent,31
2016,Average proportion of deprivations for people multidimensionally poor [1.2.2],,15 years old and over,,Percent,30
2015,Proportion of children living in child-specific multidimensional poverty [1.2.2],,under 15 years old,,Percent,35
2016,Proportion of children living in child-specific multidimensional poverty [1.2.2],,under 15 years old,,Percent,34
2015,Proportion of children living in child-specific multidimensional poverty [1.2.2],,under 15 years old,Urban,Percent,26
2016,Proportion of children living in child-specific multidimensional poverty [1.2.2],,under 15 years old,Urban,Percent,25
2015,Proportion of children living in child-specific multidimensional poverty [1.2.2],,under 15 years old,Rural,Percent,38
2016,Proportion of children living in child-specific multidimensional poverty [1.2.2],,under 15 years old,Rural,Percent,37
