Year,SERIES,Reference area,Occupation,Economic activity,UNIT_MEASURE,Value
2015,Proportion of population covered by at least one social protection benefit [1.3.1],,,,Percent,11.8
2016,Proportion of population covered by at least one social protection benefit [1.3.1],,,,Percent,11.0
2017,Proportion of population covered by at least one social protection benefit [1.3.1],,,,Percent,11.8
2018,Proportion of population covered by at least one social protection benefit [1.3.1],,,,Percent,11.3
2019,Proportion of population covered by at least one social protection benefit [1.3.1],,,,Percent,10.2
2020,Proportion of population covered by at least one social protection benefit [1.3.1],,,,Percent,8.3
