Year,SERIES,Reference area,Sex,Occupation,Economic activity,UNIT_MEASURE,Value
2016,"Number of victims of intentional homicide per 100,000 population [16.1.1]",,,,,"Per 100,000 population",0.9
2017,"Number of victims of intentional homicide per 100,000 population [16.1.1]",,,,,"Per 100,000 population",0.7
2016,"Number of victims of intentional homicide per 100,000 population [16.1.1]",,Female,,,"Per 100,000 population",0.4
2017,"Number of victims of intentional homicide per 100,000 population [16.1.1]",,Female,,,"Per 100,000 population",0.4
2016,"Number of victims of intentional homicide per 100,000 population [16.1.1]",,Male,,,"Per 100,000 population",1.4
2017,"Number of victims of intentional homicide per 100,000 population [16.1.1]",,Male,,,"Per 100,000 population",1.0
