Year,SERIES,Reference area,Occupation,Economic activity,UNIT_MEASURE,Value
2015,Countries that have conducted at least one population and housing census in the last 10 years (1 = YES; 0 = NO) [17.19.2],,,,Boolean or binary measure,1
2016,Countries that have conducted at least one population and housing census in the last 10 years (1 = YES; 0 = NO) [17.19.2],,,,Boolean or binary measure,1
2017,Countries that have conducted at least one population and housing census in the last 10 years (1 = YES; 0 = NO) [17.19.2],,,,Boolean or binary measure,1
2018,Countries that have conducted at least one population and housing census in the last 10 years (1 = YES; 0 = NO) [17.19.2],,,,Boolean or binary measure,1
2019,Countries that have conducted at least one population and housing census in the last 10 years (1 = YES; 0 = NO) [17.19.2],,,,Boolean or binary measure,1
2020,Countries that have conducted at least one population and housing census in the last 10 years (1 = YES; 0 = NO) [17.19.2],,,,Boolean or binary measure,1
