Year,SERIES,Reference area,Sex,Age,Occupation,Economic activity,UNIT_MEASURE,Value
2015,Proportion of children moderately or severely stunted [2.2.1],,,under 5 years old,,,Percent,26.2
2017,Proportion of children moderately or severely stunted [2.2.1],,,under 5 years old,,,Percent,17.5
2015,Proportion of children moderately or severely stunted [2.2.1],,Female,under 5 years old,,,Percent,26.8
2017,Proportion of children moderately or severely stunted [2.2.1],,Female,under 5 years old,,,Percent,17.2
2015,Proportion of children moderately or severely stunted [2.2.1],,Male,under 5 years old,,,Percent,25.5
2017,Proportion of children moderately or severely stunted [2.2.1],,Male,under 5 years old,,,Percent,17.8
