Year,SERIES,Reference area,Occupation,Economic activity,UNIT_MEASURE,Value
2015,Proportion of births attended by skilled health personnel [3.1.2],,,,Percent,98
2016,Proportion of births attended by skilled health personnel [3.1.2],,,,Percent,98
2017,Proportion of births attended by skilled health personnel [3.1.2],,,,Percent,98
2018,Proportion of births attended by skilled health personnel [3.1.2],,,,Percent,99
2019,Proportion of births attended by skilled health personnel [3.1.2],,,,Percent,99
