Year,SERIES,Reference area,UNIT_MEASURE,Value
2015,"Number of new HIV infections per 1,000 uninfected population [3.3.1]",,"Per 1,000 uninfected population",13.6
2016,"Number of new HIV infections per 1,000 uninfected population [3.3.1]",,"Per 1,000 uninfected population",12.0
2017,"Number of new HIV infections per 1,000 uninfected population [3.3.1]",,"Per 1,000 uninfected population",13.7
2018,"Number of new HIV infections per 1,000 uninfected population [3.3.1]",,"Per 1,000 uninfected population",15.7
2019,"Number of new HIV infections per 1,000 uninfected population [3.3.1]",,"Per 1,000 uninfected population",14.3
