Year,SERIES,Reference area,Occupation,Economic activity,UNIT_MEASURE,Value
2015,Prevalence of hepatitis B surface antigen (HBsAg) [3.3.4],,,,Percent,0.081
2016,Prevalence of hepatitis B surface antigen (HBsAg) [3.3.4],,,,Percent,0.127
2017,Prevalence of hepatitis B surface antigen (HBsAg) [3.3.4],,,,Percent,0.061
2018,Prevalence of hepatitis B surface antigen (HBsAg) [3.3.4],,,,Percent,0.081
2019,Prevalence of hepatitis B surface antigen (HBsAg) [3.3.4],,,,Percent,0.084
2020,Prevalence of hepatitis B surface antigen (HBsAg) [3.3.4],,,,Percent,0.044
