Year,SERIES,Reference area,Occupation,Economic activity,UNIT_MEASURE,Value
2015,Proportion of teachers who have received at least the minimum organized teacher training (e.g. pedagogical training) pre-service or in-service required for teaching at the relevant level in a given country [4.c.1],,,,Percent,68.7
2016,Proportion of teachers who have received at least the minimum organized teacher training (e.g. pedagogical training) pre-service or in-service required for teaching at the relevant level in a given country [4.c.1],,,,Percent,69.7
2017,Proportion of teachers who have received at least the minimum organized teacher training (e.g. pedagogical training) pre-service or in-service required for teaching at the relevant level in a given country [4.c.1],,,,Percent,71.0
2018,Proportion of teachers who have received at least the minimum organized teacher training (e.g. pedagogical training) pre-service or in-service required for teaching at the relevant level in a given country [4.c.1],,,,Percent,72.3
2019,Proportion of teachers who have received at least the minimum organized teacher training (e.g. pedagogical training) pre-service or in-service required for teaching at the relevant level in a given country [4.c.1],,,,Percent,74.0
2020,Proportion of teachers who have received at least the minimum organized teacher training (e.g. pedagogical training) pre-service or in-service required for teaching at the relevant level in a given country [4.c.1],,,,Percent,75.4
