Year,SERIES,Reference area,Sex,Occupation,Economic activity,UNIT_MEASURE,Value
2015,Proportion of ever-partnered women and girls subjected to physical violence by a current or former intimate partner in the previous 12 months [5.2.1],,Female,,,Percent,19.5
2017,Proportion of ever-partnered women and girls subjected to physical violence by a current or former intimate partner in the previous 12 months [5.2.1],,Female,,,Percent,18.7
2015,Proportion of ever-partnered women and girls subjected to psychological violence by a current or former intimate partner in the previous 12 months [5.2.1],,Female,,,Percent,11.3
2017,Proportion of ever-partnered women and girls subjected to psychological violence by a current or former intimate partner in the previous 12 months [5.2.1],,Female,,,Percent,13.3
2015,Proportion of ever-partnered women and girls subjected to sexual violence by a current or former intimate partner in the previous 12 months [5.2.1],,Female,,,Percent,4.4
2017,Proportion of ever-partnered women and girls subjected to sexual violence by a current or former intimate partner in the previous 12 months [5.2.1],,Female,,,Percent,1.4
