Year,SERIES,Reference area,Occupation,Economic activity,UNIT_MEASURE,Value
2015,Proportion of countries with systems to track and make public allocations for gender equality and women's empowerment [5.c.1],,,,Percent,1
2016,Proportion of countries with systems to track and make public allocations for gender equality and women's empowerment [5.c.1],,,,Percent,1
2017,Proportion of countries with systems to track and make public allocations for gender equality and women's empowerment [5.c.1],,,,Percent,1
2018,Proportion of countries with systems to track and make public allocations for gender equality and women's empowerment [5.c.1],,,,Percent,1
2019,Proportion of countries with systems to track and make public allocations for gender equality and women's empowerment [5.c.1],,,,Percent,1
2020,Proportion of countries with systems to track and make public allocations for gender equality and women's empowerment [5.c.1],,,,Percent,1
