Year,SERIES,Reference area,Degree of urbanisation,Occupation,Economic activity,UNIT_MEASURE,Value
2015,Proportion of population with primary reliance on clean fuels and technology [7.1.2],,,,,Percent,70.8
2017,Proportion of population with primary reliance on clean fuels and technology [7.1.2],,,,,Percent,80.5
2015,Proportion of population with primary reliance on clean fuels and technology [7.1.2],,Rural,,,Percent,59.3
2017,Proportion of population with primary reliance on clean fuels and technology [7.1.2],,Rural,,,Percent,75.2
2015,Proportion of population with primary reliance on clean fuels and technology [7.1.2],,Urban,,,Percent,96.6
2017,Proportion of population with primary reliance on clean fuels and technology [7.1.2],,Urban,,,Percent,97.0
