Year,SERIES,Reference area,Degree of urbanisation,Occupation,Economic activity,UNIT_MEASURE,Value
2015,Proportion of population with access to electricity [7.1.1],,,,,Percent,99.1
2017,Proportion of population with access to electricity [7.1.1],,,,,Percent,99.3
2015,Proportion of population with access to electricity [7.1.1],,Rural,,,Percent,98.8
2017,Proportion of population with access to electricity [7.1.1],,Rural,,,Percent,99.3
2015,Proportion of population with access to electricity [7.1.1],,Urban,,,Percent,99.8
2017,Proportion of population with access to electricity [7.1.1],,Urban,,,Percent,99.2
