Year,SERIES,Reference area,Age,Occupation,Economic activity,UNIT_MEASURE,Value
2015,Proportion of adults (15 years and older) with an account at a financial institution or mobile-money-service provider [8.10.2],,15 years old and over,,,Percent,52.5
2016,Proportion of adults (15 years and older) with an account at a financial institution or mobile-money-service provider [8.10.2],,15 years old and over,,,Percent,55.8
2017,Proportion of adults (15 years and older) with an account at a financial institution or mobile-money-service provider [8.10.2],,15 years old and over,,,Percent,55.7
2018,Proportion of adults (15 years and older) with an account at a financial institution or mobile-money-service provider [8.10.2],,15 years old and over,,,Percent,59.3
2019,Proportion of adults (15 years and older) with an account at a financial institution or mobile-money-service provider [8.10.2],,15 years old and over,,,Percent,67.0
